URL;Page Type;Titre actuel (approximatif);Meta Title optimisé;Meta Description optimisée;OG Title;OG Description;Mot-clé principal;Intent;Priorité
/;Accueil;Cours de Guitare, Piano, Ukulélé en Ligne — Méthode Fred Fieffé | Musique Facile;Apprendre la Musique en Ligne | Musique Facile;Fred Fieffé, 35 ans de pratique, forme 80 000+ élèves. Guitare, piano, ukulélé, solfège. Accès à vie, paiement unique. Note 4.7/5. Commencez dès aujourd'hui !;Apprenez la Musique à Votre Rythme — Accès à Vie, Paiement Unique;80 000+ élèves formés par Fred Fieffé. Cours de guitare, piano, ukulélé et solfège en ligne. Paiement unique, accès à vie. Méthode progressive pour adultes. Note 4.7/5.;cours de musique en ligne;Commerciale / Navigationnelle;1
/cours;Hub cours;Cours de Musique en Ligne | Guitare Piano Ukulélé Solfège;Cours de Musique en Ligne | Musique Facile;Guitare, piano, ukulélé, solfège : toutes nos formations en accès à vie. Paiement unique, sans abonnement. 80 000+ élèves. Choisissez votre parcours !;Toutes Nos Formations Musique — Accès à Vie, Sans Abonnement;Découvrez nos cours de guitare, piano, ukulélé et solfège. Un seul paiement, accès à vie à toutes les leçons. 80 000+ élèves satisfaits, note 4.7/5.;cours musique en ligne;Navigationnelle / Commerciale;2
/cours/cours-de-guitare;Pillar guitare;Cours de Guitare en Ligne | Musique Facile;Cours de Guitare en Ligne | Musique Facile;400+ leçons vidéo HD par Fred Fieffé. Accès à vie, paiement unique. 80 000+ élèves, 4.7/5. Méthode progressive débutant à avancé. Sans abonnement !;Cours de Guitare en Ligne — 400+ Leçons, Accès à Vie;Fred Fieffé, 35 ans de guitare, vous guide de débutant à intermédiaire. 400+ vidéos HD, accès à vie sans abonnement. 80 000+ élèves formés, note 4.7/5.;cours de guitare en ligne;Commerciale;1
/cours/cours-de-piano;Pillar piano;Cours de Piano en Ligne | Musique Facile;Cours de Piano en Ligne | Musique Facile;350+ leçons vidéo HD par Fred Fieffé. Accès à vie, paiement unique. 80 000+ élèves, 4.7/5. Méthode progressive pour adultes débutants. Démarrez dès aujourd'hui !;Cours de Piano en Ligne — 350+ Leçons, Accès à Vie;Apprenez le piano avec Fred Fieffé, auteur Hal Leonard. 350+ vidéos HD, accès à vie, paiement unique. 80 000+ élèves, note 4.7/5. Résultats en quelques semaines.;cours de piano en ligne;Commerciale;1
/cours/cours-de-ukulele;Pillar ukulele;Cours d'Ukulélé en Ligne | Musique Facile;Cours d'Ukulélé en Ligne | Musique Facile;250+ leçons vidéo HD, méthode Fred Fieffé. Accès à vie, paiement unique. 80 000+ élèves. L'instrument idéal pour débuter. Sans abonnement mensuel !;Cours d'Ukulélé en Ligne — L'Instrument le Plus Facile pour Débuter;Débuter l'ukulélé n'a jamais été aussi simple. 250+ vidéos HD, accès à vie sans abonnement. Fred Fieffé, 80 000+ élèves formés, note 4.7/5.;cours ukulélé en ligne;Commerciale;2
/cours/cours-de-solfege;Pillar solfège;Cours de Solfège en Ligne | Musique Facile;Cours de Solfège en Ligne | Musique Facile;200+ leçons vidéo HD, méthode Fred Fieffé. Accès à vie, paiement unique. Lecture de partitions, théorie musicale. 80 000+ élèves, 4.7/5. Sans prérequis !;Cours de Solfège en Ligne — Lire une Partition en Quelques Semaines;Comprenez enfin la musique. Fred Fieffé vous enseigne le solfège de A à Z avec 200+ leçons vidéo. Accès à vie, paiement unique. 80 000+ élèves, 4.7/5.;cours solfège en ligne;Commerciale;2
/cours/apprendre-guitare-debutant;Cours guitare débutant;Cours de Guitare pour Débutants en Ligne;Cours Guitare Débutant — Accès à Vie | Musique Facile;9 210 élèves, 4.7/5. Apprenez la guitare de zéro avec Fred Fieffé. Accès à vie dès 89€, paiement unique. Premiers accords en moins d'une semaine !;Cours Guitare Débutant : 9 210 Élèves, Résultats en 1 Semaine;La méthode guitare débutant la plus complète en ligne. 9 210 élèves, note 4.7/5. Fred Fieffé vous guide pas à pas. 89€ paiement unique, accès à vie garanti.;apprendre guitare débutant;Transactionnelle;1
/cours/maitrise-technique-guitare-avancee;Cours guitare avancé;Guitare Odyssée : 52 Semaines de Perfectionnement;Guitare Avancé — 52 Semaines, Accès à Vie | MF;5 200 élèves, 4.5/5. 52 semaines de perfectionnement guitare par Fred Fieffé. Technique, improvisation, expression. Accès à vie, 149€ paiement unique.;Guitare Avancé : 52 Semaines pour Atteindre Votre Plein Potentiel;Dépassez vos limites avec 52 semaines de progression intensive. 5 200 guitaristes l'ont fait, note 4.5/5. Fred Fieffé, 35 ans de pratique. 149€ accès à vie.;perfectionnement guitare avancé;Transactionnelle;2
/cours/piano-facile-apprendre-debutant;Pack Débutant Piano;Pack Débutant Piano : Tout pour Bien Commencer;Pack Piano Débutant — 148 Leçons, Accès à Vie | MF;21 000+ élèves, 4.7/5. 148 leçons complètes pour apprendre le piano de zéro. Fred Fieffé, auteur Hal Leonard. 299€ paiement unique, accès à vie !;Pack Piano Débutant : 21 000 Élèves, 148 Leçons Vidéo — Accès à Vie;La formation piano débutant la plus complète de France. 21 000+ élèves satisfaits, 148 leçons vidéo HD. Fred Fieffé, auteur Hal Leonard. 299€ accès à vie.;apprendre piano débutant;Transactionnelle;1
/cours/maitrise-technique-piano-avancee;Cours piano avancé;Piano Odyssée : 52 Semaines de Perfectionnement;Piano Avancé — 52 Semaines de Prog | Musique Facile;Formation piano avancé par Fred Fieffé (LinkedIn Learning, Hal Leonard). 52 semaines de progression intensive. Accès à vie, paiement unique. Rejoignez-nous !;Piano Avancé : 52 Semaines avec l'Expert Fred Fieffé — Accès à Vie;Perfectionnez votre piano avec Fred Fieffé, auteur Hal Leonard et formateur LinkedIn Learning. 52 semaines structurées, accès à vie, paiement unique.;perfectionnement piano avancé;Transactionnelle;2
/cours/apprendre-ukulele-debutant;Cours ukulélé débutant;Ukulélé pour Tous : Guide Complet du Débutant;Cours Ukulélé Débutant — 41 Vidéos, 79€ | MF;4 900 élèves, 4.7/5. 41 leçons vidéo en 2h30 pour jouer vos premiers morceaux. Accès à vie dès 79€, paiement unique. L'instrument idéal pour débuter !;Ukulélé Débutant : 4 900 Élèves, Jouez vos Premiers Morceaux en 1 Semaine;Apprenez l'ukulélé rapidement avec 41 vidéos HD et 2h30 de formation. 4 900 élèves formés, note 4.7/5. 79€ paiement unique, accès à vie garanti.;apprendre ukulélé débutant;Transactionnelle;2
/cours/lecture-de-notes-niveau-debutant;Cours solfège débutant;Lecture de Notes Simplifiée : Fondamentaux;Lire les Notes de Musique — 4 100 Élèves | MF;4 100 élèves, accès à vie dès 79€. Apprenez à lire les partitions de zéro avec Fred Fieffé. Méthode progressive, paiement unique. Sans prérequis !;Lire les Partitions Facilement : La Méthode Qui a Formé 4 100 Élèves;Fini le solfège intimidant. 4 100 élèves ont appris à lire les notes avec cette méthode simple et progressive. 79€ paiement unique, accès à vie.;apprendre à lire les notes de musique;Transactionnelle;2
/cours/solfege-expert-formation;Cours solfège expert;Solfège Expert : Altérations et Intervalles;Formation Solfège Expert — Théorie Avancée | MF;Maîtrisez altérations, intervalles, accords et théorie musicale avancée. Formation complète par Fred Fieffé. Accès à vie, paiement unique. Progressez vraiment !;Solfège Expert : Maîtrisez Enfin Toute la Théorie Musicale;De la théorie à l'interprétation : la formation solfège la plus complète. Fred Fieffé, 35 ans de pratique. Accès à vie, paiement unique. Prêt à franchir le cap ?;formation solfège avancé;Transactionnelle;3
/blog;Blog musique;Blog Musique Facile;Blog Guitare Piano Ukulélé — Conseils Gratuits | MF;Astuces, méthodes et exercices par Fred Fieffé pour adultes débutants. Guitare, piano, ukulélé, solfège. Progressez avec du contenu 100% gratuit !;Le Blog Musique Facile : Tout ce qu'il Faut Savoir pour Progresser;Articles pratiques pour adultes qui apprennent la musique. Méthodes, exercices, motivation : Fred Fieffé partage 35 ans d'expérience gratuitement.;blog apprendre musique;Informationnelle;3
/blog/apprendre-la-guitare-facilement-guide-complet-pour-debutants;Article blog guitare;Apprendre la Guitare Facilement - Guide Débutant;Apprendre la Guitare Débutant — Guide Complet 2026;Comment apprendre la guitare seul en 2026 ? Choix de l'instrument, premiers accords, routine quotidienne. Guide complet par Fred Fieffé, 80 000+ élèves formés.;Apprendre la Guitare Seul en 2026 : Le Guide que vous Cherchiez;Votre guide définitif pour débuter la guitare. Choix de l'instrument, accords essentiels, organisation des séances. Par Fred Fieffé, 35 ans de pratique musicale.;apprendre la guitare débutant;Informationnelle;2
/blog/guide-complet-apprentissage-piano;Article blog piano;Apprendre le Piano à Tout Âge - Guide Complet 2026;Apprendre le Piano à Tout Âge — Guide 2026 | MF;Jouer votre première mélodie en 2-3 semaines, quel que soit votre âge. Choix piano ou clavier, routine efficace. Guide complet par Fred Fieffé, 80 000+ élèves.;Apprendre le Piano à Tout Âge : Votre Première Mélodie en 2 Semaines;Le guide piano le plus complet pour adultes débutants. Fred Fieffé, auteur Hal Leonard, vous explique tout. Piano ou clavier ? Méthode, routine, premiers morceaux.;apprendre piano adulte débutant;Informationnelle;2
/blog/debuter-ukulele-methode-simple-apprendre;Article blog ukulélé;Débuter au Ukulélé - Méthode Simple et Amusante;Débuter l'Ukulélé — Méthode Simple 2026 | MF;4 accords suffisent pour jouer vos 1ers morceaux en 1 semaine. Guide pour adultes débutants par Fred Fieffé, 80 000+ élèves formés, méthode testée et approuvée.;Débuter l'Ukulélé en 2026 : 4 Accords et Votre Premier Morceau en 1 Semaine;La méthode ukulélé la plus simple pour adultes. Seulement 4 accords pour jouer vos premiers morceaux dès la première semaine. Par Fred Fieffé.;débuter ukulélé;Informationnelle;3
/a-propos;Page Fred Fieffé;À propos de Fred Fieffé et Musique Facile;Fred Fieffé — Professeur de Musique, 80 000+ Élèves;35 ans de pratique, 20 ans d'enseignement, auteur Hal Leonard, formateur LinkedIn Learning. Découvrez le parcours du fondateur de Musique Facile.;Fred Fieffé : 35 Ans de Musique, 80 000 Élèves Formés;Découvrez Fred Fieffé, le professeur derrière Musique Facile. Auteur chez Hal Leonard, formateur LinkedIn Learning, 35 ans de pratique, 80 000+ élèves formés.;Fred Fieffé professeur musique en ligne;Navigationnelle;3
/faq;FAQ;Questions Fréquentes — Musique Facile;FAQ Cours de Musique en Ligne | Musique Facile;Tarifs, accès, méthode, garanties : toutes les réponses sur nos cours. Paiement unique, accès à vie, garantie 15 jours. 80 000+ élèves accompagnés !;FAQ : Tout ce que vous Voulez Savoir sur Musique Facile;Vos questions sur nos formations musicales : paiement unique ou abonnement ? Garantie ? Niveau requis ? Toutes les réponses ici. 80 000+ élèves satisfaits.;cours musique en ligne faq;Navigationnelle / Informationnelle;3
/livres;Livres musique;Nos Livres | Musique Facile;Livres de Musique par Fred Fieffé | Musique Facile;Découvrez les livres de musique publiés par Fred Fieffé (Hal Leonard). Méthodes guitare, piano et ukulélé pour progresser à votre rythme.;Les Livres de Fred Fieffé — Publiés chez Hal Leonard;Fred Fieffé, auteur chez Hal Leonard, vous propose ses livres de méthodes guitare, piano et ukulélé. Des supports écrits pour compléter vos cours vidéo en ligne.;méthode musique livre Fred Fieffé;Informationnelle / Commerciale;3
/ressources-gratuites/guitare;Ressources gratuites guitare;Ressources Guitare Gratuites | Musique Facile;Ressources Guitare Gratuites — PDF & Vidéos | MF;Accords, gammes, fiches pratiques : téléchargez gratuitement vos ressources guitare. Créées par Fred Fieffé pour les débutants et intermédiaires. 100% gratuit !;Ressources Guitare Gratuites : PDF, Fiches et Vidéos par Fred Fieffé;Téléchargez gratuitement les ressources guitare de Fred Fieffé : fiches d'accords, gammes, guide de lecture. Complément idéal pour les débutants. 100% gratuit.;ressources guitare gratuites PDF;Informationnelle;2
/contact;Contact;Contact - Musique Facile;Contacter Musique Facile — Support & Questions | MF;Une question sur nos cours de guitare, piano, ukulélé ou solfège ? Contactez notre équipe. Réponse sous 24h ouvrées, 80 000+ élèves accompagnés avec soin.;Contactez Musique Facile — Réponse en 24h;Notre équipe est là pour vous. Questions sur les cours, la facturation ou la méthode Fred Fieffé ? Écrivez-nous, nous répondons sous 24h ouvrées.;contact musique facile;Navigationnelle;4
/quel-instrument-choisir;Quiz instrument;Quel Instrument Choisir ? | Musique Facile;Quel Instrument de Musique pour Vous ? | MF;Piano, guitare ou ukulélé ? Répondez à 3 questions et découvrez l'instrument idéal pour votre profil. Quiz gratuit créé par Fred Fieffé, 80 000+ élèves guidés.;Quel Instrument Choisir ? 3 Questions pour Trouver le Vôtre;Vous hésitez entre guitare, piano et ukulélé ? Notre quiz gratuit vous guide en 3 questions vers l'instrument qui vous correspond vraiment. Par Fred Fieffé.;quel instrument de musique choisir;Informationnelle;2
/5-accords-magiques;Lead magnet accords;5 Accords Magiques pour 100 Chansons | Musique Facile;5 Accords de Guitare = 100 Chansons — Gratuit | MF;Téléchargez gratuitement le guide de Fred Fieffé : maîtrisez 5 accords de guitare essentiels et jouez plus de 100 chansons populaires. Résultats garantis !;5 Accords de Guitare pour Jouer 100 Chansons — Guide PDF Gratuit;Le guide PDF gratuit de Fred Fieffé. Apprenez seulement 5 accords et jouez plus de 100 chansons populaires. Idéal pour débuter rapidement la guitare.;5 accords guitare débutant;Informationnelle / Transactionnelle;2
